osm_id,building,street,house_number,levels,lat,lon
60913868,yes,улица Некрасова,3-5,,59.93872399230769,30.35127736923077
66213046,yes,улица Восстания,20/51,7.0,59.942662275,30.361517780000003
66213054,yes,улица Восстания,53 литБ,,59.94288461428572,30.361813285714284
66213057,yes,улица Восстания,53,,59.94293337142857,30.361012785714284
80263248,yes,улица Чехова,15,,59.93835183846154,30.35315983846154
80373694,university,Литейный проспект,44,4.0,59.93800514166667,30.349242175
80373974,apartments,Литейный проспект,32,4.0,59.94025232,30.34910826
80374458,apartments,улица Короленко,10/3,4.0,59.94112159090909,30.349974245454543
80374482,apartments,Литейный проспект,30 литБ,4.0,59.9406003,30.3500234125
80374483,apartments,улица Короленко,6,3.0,59.94020621428571,30.349965057142857
80374499,apartments,улица Короленко,4,4.0,59.93982925714285,30.34999641428572
80374537,apartments,улица Короленко,2,5.0,59.939272025,30.34978499
80643480,yes,Артиллерийская улица,1,,59.94144622105263,30.352649494736845
83013061,yes,улица Некрасова,1/38 литБ,,59.93856896666667,30.3505991
83013068,service,улица Некрасова,3-5 литБ,,59.93832066,30.35094768
83013072,yes,Литейный проспект,48,,59.937156025,30.3503947125
83013078,yes,улица Чехова,4,6.0,59.93702436530612,30.35193782653061
83013079,yes,Литейный проспект,48,,59.9372274,30.3498653
83013081,yes,Литейный проспект,44 литЖ,,59.93823607,30.35090264
83013082,yes,улица Чехова,10,,59.93780305263158,30.35198285789474
83013084,yes,Литейный проспект,48,,59.9370255725,30.3495496275
83013086,yes,улица Чехова,14Б,,59.93825421666667,30.35157015
83013089,yes,улица Некрасова,3-5 литЕ,,59.93853193333333,30.35096713333333
83013090,yes,улица Чехова,6,4.0,59.93730267083333,30.3520880375
88391182,apartments,Манежный переулок,1/4 литБ,3.0,59.9429378,30.353882613333333
88391184,public,улица Рылеева,9,3.0,59.94224122222223,30.35350466111111
88391187,apartments,улица Рылеева,1/9,3.0,59.94229098974358,30.35098255641025
88391204,office,Манежный переулок,3 литД,3.0,59.9430613,30.354515710526314
88391212,government,улица Рылеева,7,4.0,59.94234554,30.3530985
88391220,apartments,улица Рылеева,3,5.0,59.94234028333334,30.352023916666667
88391222,apartments,улица Маяковского,52,6.0,59.94300988139535,30.354954576744184
89430613,residential,улица Рылеева,5,4.0,59.942309113043486,30.35266505217391
97565310,apartments,улица Маяковского,50,,59.94276269032258,30.354719458064515
97565312,apartments,улица Рылеева,6,5.0,59.942724757692304,30.356203557692307
97603759,office,улица Рылеева,11,3.0,59.94230418333333,30.354010016666667
97603763,apartments,улица Маяковского,48,4.0,59.94217388965517,30.35481023103448
97603764,service,Артиллерийская улица,12,,59.94198841428572,30.354371014285714
97603765,apartments,Артиллерийская улица,10,4.0,59.94196453529412,30.353951811764706
97683909,government,улица Маяковского,46,,59.941625825,30.354878575
97683910,yes,Unknown,,,59.941002266666665,30.352840244444444
97683915,apartments,улица Короленко,7,3.0,59.94123796153846,30.350864215384615
97683916,yes,Unknown,,,59.94102746,30.351882720000003
97683917,apartments,улица Маяковского,44,4.0,59.94141666,30.35504562
97683919,apartments,улица Маяковского,34,5.0,59.939984808196726,30.35462179180328
97683922,apartments,улица Маяковского,40,4.0,59.940903133333336,30.355028583333333
97683927,apartments,улица Маяковского,44 литБ,4.0,59.94142621428572,30.354338242857143
98008595,apartments,Басков переулок,3,5.0,59.93944941,30.3511188
98186657,yes,улица Маяковского,37 литЮ,,59.941735125,30.35584621875
98186659,kindergarten,Сапёрный переулок,2,2.0,59.94127576111112,30.35578018888889
98186662,school,Гродненский переулок,8,5.0,59.94191247,30.35991025
98186663,yes,улица Рылеева,29,,59.9422666,30.35962554285714
98186664,yes,улица Маяковского,37,,59.94198483529412,30.35583279411765
98186678,yes,улица Маяковского,35,,59.941521,30.3558235
98186679,yes,улица Восстания,38,3.0,59.9421904,30.360226188888888
98186688,yes,Гродненский переулок,4,,59.941867,30.3584297
98186689,yes,Гродненский переулок,6,,59.94191442,30.359103815
98233482,yes,Сапёрный переулок,5А литВ,,59.94046335555556,30.35668526111111
98233486,yes,Сапёрный переулок,13 литГ,,59.94039636666667,30.35901625
98233495,yes,Митавский переулок,10,6.0,59.94047999333333,30.35988978
98233501,college,Басков переулок,8,5.0,59.93981364347827,30.356379130434785
98233503,yes,Сапёрный переулок,5,,59.94084213333333,30.35678906
98233510,residential,Сапёрный переулок,13,6.0,59.94068855416666,30.35918989583333
98233516,yes,Митавский переулок,4,,59.94042691818181,30.358436081818184
98233518,yes,Сапёрный переулок,1,,59.94082395714286,30.355848685714285
98233525,apartments,Басков переулок,10,,59.93982738235294,30.357024117647057
98233529,apartments,улица Маяковского,25,3.0,59.940075075757576,30.356135506060607
98233533,residential,Сапёрный переулок,15,4.0,59.94076741904762,30.359941476190475
98233535,yes,улица Маяковского,29,,59.94061501428571,30.35563794285714
98233545,yes,Басков переулок,14,,59.93980533043479,30.35805681304348
98233547,yes,улица Маяковского,27,,59.94044765192307,30.356112659615384
98236358,yes,улица Некрасова,30,,59.93894898571428,30.35823884285714
98236367,yes,Басков переулок,23,,59.93938190909091,30.358148736363635
98236373,apartments,улица Некрасова,38/26,5.0,59.93914464444444,30.359911516666664
98236375,yes,Басков переулок,25,,59.93932311,30.358541735
98236380,apartments,улица Некрасова,32,,59.939005925,30.35848245
98296475,apartments,улица Восстания,49,7.0,59.94219259285715,30.3610557
98333874,public,улица Восстания,45,3.0,59.941411831818186,30.3612768
98333880,yes,улица Восстания,45 литБ,2.0,59.941435325,30.36193398125
98346317,apartments,улица Восстания,41,7.0,59.940038226666665,30.361004
98346324,apartments,улица Восстания,37-39,,59.93970595,30.361131638636365
98348275,apartments,улица Восстания,43,,59.94056997096774,30.361066790322575
98350041,apartments,Озерной переулок,2-4,5.0,59.9382099111111,30.361313027777776
98350045,apartments,улица Некрасова,29,5.0,59.938526225,30.361278233333334
98372733,yes,Озерной переулок,3,2.0,59.937876371428565,30.361593914285717
98372735,commercial,Ковенский переулок,20,3.0,59.93751261818182,30.361934854545453
98372739,apartments,Ковенский переулок,19-21,4.0,59.93705004,30.36157123
98372743,yes,Unknown,,2.0,59.9378723,30.361249980000004
98384450,apartments,Ковенский переулок,14,,59.93775638333333,30.358925133333333
98384451,yes,улица Восстания,24/27 литБ,,59.93810453636363,30.35864909090909
98384452,apartments,улица Маяковского,17,5.0,59.938230520000005,30.35601432
98384455,yes,Unknown,,,59.93785608,30.35824826
98384456,yes,улица Некрасова,25,,59.93846177826087,30.359150165217397
98384465,yes,Ковенский переулок,6,,59.9375645,30.3569942125
98384489,yes,Ковенский переулок,6,,59.93796352,30.35717898
98384490,apartments,Ковенский переулок,4,5.0,59.93751480666666,30.356449966666663
98384491,school,Ковенский переулок,10А,4.0,59.9375915375,30.3577484875
98384495,apartments,Ковенский переулок,10,2.0,59.93757571428571,30.35727741428571
98391362,apartments,Ковенский переулок,13,,59.937126983333336,30.35841785
98391370,kindergarten,Ковенский переулок,15,3.0,59.93710183333334,30.35889287777778
98391371,office,улица Восстания,18,5.0,59.93706653461538,30.35956764615385
98392858,yes,Unknown,,,59.93696541666667,30.353862733333333
98392866,yes,улица Чехова,15 литБ,,59.938333581818185,30.353577945454543
98392869,apartments,улица Маяковского,28,3.0,59.938488127272734,30.354850863636365
98392872,school,улица Маяковского,26 литЖ,4.0,59.93806314166667,30.354807175
129211271,apartments,улица Маяковского,11,5.0,59.936954228888894,30.35569521111111
129211272,sports_centre,Ковенский переулок,12,,59.937615093333335,30.35833842
129211273,apartments,улица Маяковского,15,3.0,59.937860275,30.355938602777776
129211274,yes,улица Некрасова,17,,59.93846905416667,30.35693215
129211276,yes,улица Некрасова,19,,59.93838050714286,30.35742875
129211279,yes,улица Некрасова,21,,59.93839901333333,30.358275186666667
129211280,yes,улица Некрасова,23,,59.93856447777778,30.35862294444444
129211283,apartments,Виленский переулок,4,,59.94044128181818,30.361670177272728
129211285,church,Ковенский переулок,7,,59.93711311818181,30.356827672727277
129211286,yes,Ковенский переулок,7 литБ,,59.937127,30.3571921
129211300,yes,улица Восстания,24/27 литВ,,59.93822684285714,30.35854772857143
129211301,yes,Unknown,,,59.94049202857143,30.361414614285717
129211302,yes,улица Некрасова,25 литБ,,59.93830651666667,30.358626266666665
129211303,yes,улица Восстания,24/27 литГ,,59.938244242857145,30.358916685714284
129211305,yes,улица Восстания,22 литБ,,59.93810711,30.35923401
129306296,office,улица Некрасова,11,3.0,59.938693584,30.353855072
129306297,apartments,улица Чехова,11-13 литБ,4.0,59.93802173157895,30.353550521052632
129306299,apartments,улица Чехова,17/9,4.0,59.93872077333334,30.353241813333334
129306302,yes,улица Маяковского,26 литМ,,59.93790572222223,30.354165122222224
129306303,yes,улица Маяковского,26,,59.93780263,30.35466664
129306304,apartments,улица Чехова,5,4.0,59.936904217647054,30.353283276470588
129306306,apartments,улица Чехова,7,6.0,59.93725581304348,30.35343053478261
129306315,yes,Unknown,,,59.93740136,30.3542426
129306317,yes,Unknown,,,59.93849466,30.3539482
129413987,apartments,Басков переулок,13-15,6.0,59.93924753469388,30.355970353061227
129413988,yes,Басков переулок,17,,59.93933398666666,30.35661869333333
129413989,yes,улица Некрасова,24,4.0,59.93898076000001,30.35658435
129413992,yes,улица Некрасова,22,4.0,59.93901985384616,30.35620086153846
129413994,yes,Басков переулок,29,,59.93928024285714,30.35943015714286
129413995,yes,улица Некрасова,30 литБ,,59.93922138333334,30.35819808333333
129413996,yes,улица Некрасова,36,,59.93899690869565,30.359385617391304
129440984,yes,Басков переулок,10 литВ,,59.940099833333335,30.3572793
129440985,yes,Басков переулок,10 литБ,,59.94025727777777,30.357050177777776
129440987,apartments,Басков переулок,12 литА,,59.93991768461539,30.35757196153846
129440988,yes,Басков переулок,12 литИ,,59.940241066666665,30.35748103333333
129440990,yes,Сапёрный переулок,13 литЛ,1.0,59.94037021666667,30.35867358333333
129440991,yes,Басков переулок,16,,59.93979053571429,30.358777664285714
129440992,yes,Басков переулок,16 литД,,59.94022127142858,30.35780725714286
129440994,yes,Басков переулок,16 литЕ,,59.940194318181824,30.358789945454543
129440995,yes,Басков переулок,16 литВ,,59.94004273,30.358271960000003
129440996,yes,Басков переулок,18,,59.93976255263159,30.35941067894737
129440998,yes,Басков переулок,20,,59.93976326000001,30.35998598
129440999,yes,улица Маяковского,29 литГ,,59.94064308888889,30.356031233333333
129441000,residential,Митавский переулок,3,6.0,59.9403963516129,30.35771679032258
129441001,yes,Сапёрный переулок,3,,59.9407879625,30.35627159375
129441002,yes,Сапёрный переулок,3 литВ,,59.94072406666667,30.356487633333334
129441004,yes,Сапёрный переулок,5А литБ,,59.94044891,30.35697269
129441005,yes,Сапёрный переулок,7,,59.940588805,30.3573258775
129441007,yes,Сапёрный переулок,7 литБ,,59.94032403999999,30.3571353
129778075,apartments,Гродненский переулок,12-24 литБ,4.0,59.94198863846154,30.36188327692308
129778078,apartments,Гродненский переулок,12-24,6.0,59.9418638775,30.3614600975
129778081,yes,улица Рылеева,33,5.0,59.94218595,30.3614306125
129778082,yes,улица Рылеева,35,,59.94214607,30.36197448
130662460,apartments,Сапёрный переулок,10 литВ,,59.941544203030304,30.35763271818182
130662461,apartments,Сапёрный переулок,10,,59.94128759117648,30.358111688235294
130662462,apartments,Сапёрный переулок,10 литБ,,59.94153478125,30.35712994375
130662463,apartments,Сапёрный переулок,12,5.0,59.94136149393939,30.35870673636364
130662465,apartments,улица Рылеева,25,,59.94217223214286,30.358742714285714
130662466,yes,улица Рылеева,27,,59.9421911625,30.359224225
130662467,school,улица Маяковского,37 литГ,2.0,59.942006125,30.3571823875
130662472,apartments,Сапёрный переулок,8,,59.941238875,30.357336175
132212473,yes,улица Рылеева,14,,59.94264523,30.35872366
132212486,apartments,Манежный переулок,7,4.0,59.9429818125,30.35602945833333
132212487,service,Манежный переулок,7 литБ,1.0,59.94287352857143,30.356468114285715
132212488,apartments,Манежный переулок,9,4.0,59.94301359090909,30.356694254545456
132229939,apartments,улица Некрасова,14 литВ,,59.93935756190476,30.353943685714285
132229940,yes,улица Некрасова,14 литД,,59.93902963333333,30.353703166666666
132229944,apartments,улица Маяковского,30,5.0,59.93914480816326,30.35462218979592
132229945,apartments,улица Маяковского,32/11,3.0,59.93938217222222,30.35482796111111
132229947,apartments,улица Некрасова,6,5.0,59.93916954666667,30.350635706666665
132523272,yes,улица Рылеева,11 литЕ,,59.94217744,30.35380602
151062477,residential,улица Чехова,12-16,4.0,59.93825904166667,30.35260064166667
151062804,yes,улица Чехова,12-16 литБ,,59.93803890434783,30.35187637826087
151062869,yes,улица Чехова,12-16 литВ,,59.93828974285714,30.35218207142857
151066215,yes,улица Некрасова,3-5 литВ,,59.93854735714286,30.35164153571429
164083101,service,Виленский переулок,4А литФ,,59.94035166,30.36138342
181614985,office,Литейный проспект,26,6.0,59.941793757894736,30.349654721052637
222749021,yes,Ковенский переулок,5,5.0,59.93702855384615,30.356337315384614
364932503,yes,улица Некрасова,14Б с1,3.0,59.9390751,30.354024100000004
376350118,apartments,Артиллерийская улица,4,5.0,59.94206527916666,30.351635141666662
376350119,residential,Артиллерийская улица,6,2.0,59.94204137058824,30.35254347058824
376350120,government,Артиллерийская улица,8,4.0,59.94205117692308,30.3530383
376350160,government,улица Маяковского,46 литБ,2.0,59.941604080000005,30.35430666
376350442,guardhouse,Unknown,,,59.94193414,30.35108726
400074016,apartments,Басков переулок,21,,59.93915773783783,30.35777719189189
411268918,residential,Литейный проспект,28 литВ,4.0,59.94112407777777,30.349254144444444
466351468,residential,Сапёрный переулок,9,6.0,59.94071015121951,30.35791536097561
466351471,yes,Сапёрный переулок,11,2.0,59.940686954166665,30.35855475833333
469980601,apartments,Ковенский переулок,11,,59.93701585,30.358010827777772
623839377,yes,Unknown,,,59.938200140000006,30.35386646
700685988,service,Ковенский переулок,2 лит Д,,59.93749726,30.35617992
929242227,garage,Unknown,,,59.94064084,30.3505704
929242228,garages,Unknown,,,59.94066988,30.35103472
929249290,yes,Unknown,,1.0,59.940023875,30.349332383333333
1086068873,retail,Unknown,,1.0,59.9419243,30.357368616666665
1088021854,yes,Unknown,,,59.93818251666667,30.3584612
1188981218,service,улица Чехова,6 литК,,59.937204740000006,30.352021380000004
1188981219,yes,улица Чехова,10 литГ,,59.93760124285715,30.351530942857146
1188997586,yes,улица Некрасова,3-5 литД,,59.93845446666666,30.352141066666665
1188997587,service,улица Чехова,12-16 литК,,59.93828962,30.35192534
1188997588,yes,улица Некрасова,3-5 литГ,,59.9384737,30.3519969
1188997591,yes,Литейный проспект,44 литГ,,59.93824288,30.35210336
1189008625,yes,Unknown,,,59.93863600000001,30.35097938571429
1253091143,yes,Unknown,,,59.93921382,30.35625334
1253091168,guardhouse,Unknown,,,59.93888611428572,30.358609542857145
1259201180,yes,Ковенский переулок,12 литГ,,59.938050280000006,30.35846078
1259201181,yes,Ковенский переулок,12 литВ,,59.93802696,30.35867606
1275306300,service,улица Восстания,37-39 литБ,,59.93978542,30.36123834
1276456716,service,Сапёрный переулок,20А литД,,59.94105056,30.36163192
1276789954,yes,Unknown,,,59.94066615714286,30.359522642857144
1276789956,garage,Unknown,,,59.940626380000005,30.35996928
1276789957,service,Unknown,,,59.94063571428571,30.36004947142857
1276789958,garage,Unknown,,,59.940712075,30.359551525
1301456688,yes,Unknown,,,59.94011607142857,30.35777017142857
1301890564,service,Unknown,,,59.94041953333333,30.35593855
1306592779,service,Unknown,,,59.94130818461539,30.35876911538461
1306595739,yes,Unknown,,,59.9419226625,30.3588354875
1306598032,service,Unknown,,,59.942029985714285,30.3594068
1307033172,garage,Unknown,,,59.94202338,30.35648052
1307033177,service,Unknown,,,59.94162966,30.35661482
1307063500,service,Unknown,,,59.94209668,30.35446338
1307068367,guardhouse,Unknown,,,59.94192292,30.35226684
61410872,apartments,Малый проспект В.О.,35,,59.945410085714286,30.26695674285714
61410882,yes,Малый проспект В.О.,24 литБ,5.0,59.94547426818181,30.271058977272727
61410883,apartments,10-я линия В.О.,47,5.0,59.944851500000006,30.270374985714284
86504697,apartments,13-я линия В.О.,64/39,5.0,59.944869215789474,30.26564281052632
108132186,apartments,10-я линия В.О.,41,5.0,59.94408041818181,30.271260945454543
108202272,service,10-я линия В.О.,45 литТ,1.0,59.94462396666666,30.270473050000003
108202276,university,10-я линия В.О.,49,4.0,59.94527339259259,30.26999816296296
108202278,commercial,10-я линия В.О.,45,1.0,59.94474685,30.2704736625
108202284,apartments,Малый проспект В.О.,26,4.0,59.9454041,30.270597050000003
108202289,yes,Малый проспект В.О.,26 литВ,,59.94531915,30.2708669875
108206382,yes,13-я линия В.О.,64/39 литВ,,59.9450107125,30.265338
108206400,apartments,Малый проспект В.О.,37,5.0,59.945144252941176,30.26673895294117
108206411,apartments,Малый проспект В.О.,35,5.0,59.94523968,30.26735266
108206414,apartments,Малый проспект В.О.,33,5.0,59.94556253333334,30.268298466666668
108206499,apartments,Малый проспект В.О.,37/49 литБ,,59.9453353,30.26668446
108219430,yes,12-я линия В.О.,37 литВ,,59.94277225,30.270526166666667
108219437,yes,12-я линия В.О.,37 литБ,,59.94298608333333,30.27021876666667
108219440,apartments,12-я линия В.О.,37,5.0,59.94270525,30.269576691666668
108219869,yes,12-я линия В.О.,41 к1 литЖ,2.0,59.94339209411765,30.268609758823533
108219870,yes,12-я линия В.О.,39,3.5,59.94300031935485,30.26949455483871
108222647,apartments,12-я линия В.О.,45,4.0,59.9443936388889,30.26759481666667
108222648,yes,Малый проспект В.О.,34,4.0,59.944701963829786,30.267383589361703
108222650,yes,Малый проспект В.О.,30-32 литБ,,59.94485865555557,30.268513233333334
108222651,kindergarten,12-я линия В.О.,43,3.0,59.94415997692308,30.26808057692308
108222655,yes,Малый проспект В.О.,30-32 литГ,,59.944655583333336,30.268713833333333
108222658,service,12-я линия В.О.,45 литТ,,59.94455508,30.26802778
108222661,apartments,Малый проспект В.О.,30-32,7.0,59.94506389393939,30.268446036363635
108222664,yes,Малый проспект В.О.,30-32 литВ,,59.945011988888886,30.268742033333336
108579700,apartments,13-я линия В.О.,46,5.0,59.94224544761904,30.26912403333333
108579701,apartments,14-я линия В.О.,67-69,5.0,59.94327886999999,30.2654033875
108579702,apartments,14-я линия В.О.,63,5.0,59.94272313333334,30.26595381111111
108579706,apartments,13-я линия В.О.,60,6.0,59.94408761666667,30.2669372
108579708,yes,14-я линия В.О.,71 литВ,1.0,59.9438262375,30.2658288
108579710,yes,Unknown,,,59.94272464000001,30.26722878
108579712,yes,14-я линия В.О.,71 литБ,2.0,59.94374015,30.26566558333333
108579719,yes,14-я линия В.О.,71,5.0,59.94370676,30.26534834
108579722,yes,13-я линия В.О.,54,8.0,59.943004986666665,30.26662604
108579728,yes,14-я линия В.О.,71 к2 литТ,1.0,59.94372736666667,30.26592205
108579729,yes,13-я линия В.О.,58-60 литБ,2.0,59.94400316666667,30.26626463333333
108579730,apartments,13-я линия В.О.,58-60,5.0,59.9439132125,30.2671705125
108579735,apartments,13-я линия В.О.,56,5.0,59.94349515,30.26744204
108579736,apartments,14-я линия В.О.,65,5.0,59.94286514285714,30.265764642857143
108579739,apartments,13-я линия В.О.,62,5.0,59.94429037142857,30.266736528571432
108579751,yes,13-я линия В.О.,58-60 литД,1.0,59.943830260000006,30.2665906
108579752,kindergarten,14-я линия В.О.,65А,2.0,59.943424876470594,30.266452247058822
108579754,yes,Unknown,,,59.94235386,30.267668
108579756,yes,13-я линия В.О.,46 литБ,1.0,59.9423505625,30.2678437125
111697492,yes,11-я линия В.О.,48,6.0,59.94368613333334,30.27044503333333
111697503,yes,11-я линия В.О.,42,2.0,59.94273121818182,30.27141893636364
111697516,yes,11-я линия В.О.,48 литБ,,59.94352353333333,30.269925933333337
111697517,yes,12-я линия В.О.,39 литВ,,59.9433294,30.26988328
111697519,hotel,11-я линия В.О.,54,3.0,59.9442264,30.269980466666667
111697525,hotel,11-я линия В.О.,50,8.0,59.94384212,30.27013513
216964543,yes,Unknown,,1.0,59.94510928,30.27043376
217337651,apartments,10-я линия В.О.,45,6.0,59.944777072972975,30.27106030540541
217337652,yes,10-я линия В.О.,47 литБ,2.0,59.94501587777778,30.270827411111117
217337661,yes,Unknown,,1.0,59.94531601999999,30.27098442
217453365,apartments,13-я линия В.О.,50,7.0,59.94291179,30.267926645
217453414,yes,Unknown,,1.0,59.94429344,30.2660176
217453423,yes,Unknown,,1.0,59.94418982,30.26602944
217453441,yes,Unknown,,1.0,59.94263731666666,30.26613718333333
217543936,yes,12-я линия В.О.,37,,59.94285714285714,30.26980552857143
217543937,apartments,12-я линия В.О.,37,3.0,59.94251952222222,30.269762
217543939,yes,11-я линия В.О.,40,1.0,59.942437175,30.2712799625
217543940,yes,11-я линия В.О.,42,3.5,59.94291615555556,30.27135268888889
217543943,yes,14-я линия В.О.,57-61 литЛ,3.0,59.942616455769226,30.26700184423077
217543954,yes,Unknown,,,59.94384504,30.269883
217543955,yes,Unknown,,,59.94373232,30.2699891
384420870,yes,Unknown,,,59.94383714000001,30.26566368
384420871,yes,Unknown,,,59.94373123333333,30.26579298333333
412561593,garage,Unknown,,1.0,59.94462228,30.2680809
412561594,garage,Unknown,,1.0,59.94463836,30.2681355
1253229765,apartments,10-11-я линии В.О.,56,7.0,59.94427438723404,30.26940435319149
1380595212,apartments,12-я линия В.О.,39 к2 с1,6.0,59.94329794705882,30.26918120588235
1380595213,apartments,12-я линия В.О.,41 к2 с1,6.0,59.94369494210526,30.268888738157894
23239550,school,Ставропольская улица,9,2.0,59.9496907375,30.38669095
30122853,yes,Суворовский проспект,65,4.0,59.94495007142857,30.38828211904762
30196885,apartments,Таврический переулок,12,5.0,59.9508556,30.386846144444444
30196953,yes,Таврический переулок,13,,59.95023035714286,30.38439791428572
30196954,apartments,Кавалергардская улица,19,5.0,59.94945815999999,30.3839821
30196956,residential,Кавалергардская улица,21,5.0,59.94982938333334,30.38327861666667
30196957,residential,Ставропольская улица,12/15,5.0,59.95002348181818,30.385301190909093
30196958,yes,Ставропольская улица,10,4.0,59.94965684666667,30.38514063333333
30197071,commercial,Кавалергардская улица,42Б,,59.95069612,30.38180474
30197072,residential,Кавалергардская улица,40,6.0,59.950205375,30.382419191666667
30197073,commercial,Кавалергардская улица,42А,5.0,59.95061708,30.38255512
30197074,yes,Кавалергардская улица,42 литН,1.0,59.95063790909091,30.3806259
30197075,apartments,Таврическая улица,45 литВ,5.0,59.94998822,30.37873948
30197076,residential,Таврическая улица,43,5.0,59.94950210833334,30.378821775
30197562,government,площадь Растрелли,2,,59.949932925,30.3890062875
30198278,yes,Таврическая улица,10,2.0,59.9493641,30.37784963333333
30198367,government,Тверская улица,11,3.0,59.94658299230769,30.383624046153844
30198368,school,Кавалергардская улица,9-11-13,4.0,59.9460501375,30.38327610625
30198369,school,Очаковская улица,2А литБ,4.0,59.94572809090909,30.3841174
30198370,yes,Очаковская улица,6,,59.94575,30.38534902
30198371,apartments,Одесская улица,2,7.0,59.946068832,30.386726172
30198372,yes,Тверская улица,15,,59.9459911,30.386058037837834
30198373,yes,Тверская улица,13,,59.94634645918367,30.38466143673469
30198374,yes,Тверская улица,15 литБ,7.0,59.946601975,30.385612235000004
30198391,apartments,Суворовский проспект,62,6.0,59.94609994864864,30.38879618918919
30198394,apartments,Тверская улица,23-25,5.0,59.946446112195126,30.387837904878047
30198411,yes,Шпалерная улица,53,,59.94839316666667,30.38728216666667
30198412,office,Лафонская улица,6,6.0,59.94765709523809,30.38894400952381
30198413,yes,Тверская улица,20,6.0,59.94715582083333,30.388072216666668
30198414,yes,Тверская улица,18,7.0,59.94716134705882,30.386691288235298
30198415,yes,Ставропольская улица,1,,59.94753892999999,30.38633258
30198416,yes,Шпалерная улица,53 литБ,,59.94796283125,30.3862929125
30198417,yes,Лафонская улица,6 литБ,,59.9479564,30.38747452
30350458,office,Шпалерная улица,51,5.0,59.94840752592592,30.38421021851852
30350461,yes,Шпалерная улица,51 литК,1.0,59.94808395,30.38319785
30350463,yes,Ставропольская улица,4,,59.94795967142857,30.38544227857143
30350466,apartments,Тверская улица,14,6.0,59.947424825,30.3841418625
30350467,apartments,Тверская улица,12/15,5.0,59.94712046,30.38366266
30350468,apartments,Тверская улица,16,6.0,59.94749519090909,30.385411959090906
30350469,apartments,Тверская улица,16,5.0,59.94710497333334,30.38518103333333
30350470,apartments,Тверская улица,16,5.0,59.947395625,30.3848355125
30350806,yes,Суворовский проспект,56,8.0,59.945210710000005,30.38643536
30350808,church,Очаковская улица,9,4.0,59.94511056666666,30.38607561111111
30350811,apartments,Очаковская улица,5,7.0,59.94510242916667,30.3853192125
30350815,apartments,Очаковская улица,3,5.0,59.94523357142857,30.38420304285714
45236719,office,Тверская улица,8Б,4.0,59.947411288888894,30.38107053333333
45730220,apartments,Тверская улица,3/1,7.0,59.94669958888889,30.380406627777777
45730221,apartments,Калужский переулок,7,8.0,59.94602170769231,30.380693953846155
74282546,residential,Кавалергардская улица,30,7.0,59.94731803636364,30.382216645454545
74282547,hospital,Кавалергардская улица,26,6.0,59.94635096363636,30.382061722727272
74282549,apartments,Калужский переулок,9,6.0,59.945285180000006,30.38068100666667
83187841,yes,Unknown,,,59.94760184285714,30.380410557142856
86217481,school,Кавалергардская улица,7,4.0,59.9451426375,30.3832412875
86217484,apartments,Тверская улица,14,5.0,59.94715481875,30.38417058125
86217486,apartments,Тверская улица,27-29,5.0,59.946426538888886,30.38854744444445
86217489,apartments,Тверская улица,7,7.0,59.946714625,30.3819504875
86217491,yes,Тверская улица,5,3.0,59.9466586,30.38160024
86217492,apartments,Тверская улица,10,6.0,59.9470791875,30.381873425
86217494,apartments,Тверская улица,12/15 литБ,6.0,59.94737704285715,30.383360064285714
112010951,apartments,Таврическая улица,45,6.0,59.94964273617022,30.38006892340425
112044973,yes,Таврическая улица,29 литБ,,59.9456296,30.379389816666663
112044975,office,Таврическая улица,39,3.0,59.94780464705882,30.37926799117647
112044980,apartments,Таврическая улица,27 литБ,5.0,59.945021728,30.37935854
112044983,apartments,Таврическая улица,31-33,6.0,59.94589583333334,30.37841731111111
112044986,yes,Калужский переулок,3,,59.945589554166666,30.379964025000003
112044987,apartments,Кавалергардская улица,18,4.0,59.94515059166667,30.382189683333333
112044989,yes,Таврическая улица,27,4.0,59.945314,30.37866904166667
112044994,apartments,Таврическая улица,29,5.0,59.945605920000006,30.37842927
112044997,yes,Таврическая улица,31-33 литМ,,59.94587174,30.37906676
112044998,yes,Таврическая улица,29 литГ,,59.94550194,30.3787332
112045006,yes,Кавалергардская улица,22,,59.9457754590909,30.38227781363636
152179247,apartments,Тверская улица,1,9.0,59.94635079705883,30.37965396470588
152477272,commercial,Кавалергардская улица,42Я,3.0,59.95067202,30.38329222
159249897,church,Тверская улица,8,,59.94716477333333,30.380736206666665
260497844,residential,Таврическая улица,37,6.0,59.94731801875,30.37887148125
260497846,apartments,Тверская улица,6,7.0,59.947148363636366,30.37967226363636
260497849,residential,Тверская улица,4,5.0,59.947265152,30.379199912
297222684,garages,Unknown,,,59.94991384,30.38424814
346482560,yes,Таврическая улица,31-33 литВ,,59.94603812,30.37958834
423966114,yes,Unknown,,,59.94653636,30.37765942
427989620,yes,Лафонская улица,6 литВ,,59.94766575,30.3868052
427989621,yes,Таврическая улица,39 литБ,3.0,59.947889700000005,30.378637822222224
438469227,garage,Unknown,,1.0,59.94973611666666,30.38040743333333
518093880,yes,Unknown,,,59.949961810000005,30.38091848
626053765,yes,Unknown,,1.0,59.9500714,30.38259194
669118063,guardhouse,Unknown,,,59.94549966,30.385894380000003
678914843,service,Unknown,,1.0,59.94734184285714,30.38545602857143
678914845,apartments,Unknown,,3.0,59.94728727142857,30.38400834285714
678924033,garages,Unknown,,,59.94615768,30.38514412
678926642,yes,Unknown,,,59.94835436666667,30.385553366666667
678956694,garages,Unknown,,1.0,59.94756515,30.383894100000003
678956695,garages,Unknown,,,59.94745736,30.38387604
678956696,apartments,Тверская улица,14,2.0,59.947575050000005,30.38451925
679603060,service,Unknown,,,59.94737534,30.38449438
747907934,garages,Unknown,,,59.95081106,30.38776022
1178799645,yes,Unknown,,,59.946576477777775,30.38164473333333
1181002237,yes,Таврическая улица,31-33 литБ,,59.94584078571428,30.379576928571428
1228555970,yes,Unknown,,,59.94918092272727,30.3780163
1228555972,yes,Unknown,,,59.94909476,30.37807762
1228555973,yes,Unknown,,,59.94902176666667,30.37761615
1252007191,yes,Unknown,,,59.94996314,30.38876568
1268785951,garages,Unknown,,,59.9460659,30.38803492352941
1268855434,garages,Unknown,,,59.94540734,30.38041718
1274934136,yes,Unknown,,,59.94673034,30.37739684
1335113038,service,Одесская улица,2 литБ,,59.946424580000006,30.38652668
1335113042,service,Unknown,,,59.94605272,30.38435042
1458242381,yes,Unknown,,,59.94971777999999,30.37738498
1458251020,yes,Unknown,,,59.95007628,30.37918246
28433003,yes,Межевой канал,4,3.0,59.91044861111112,30.25740487777778
33378207,yes,Гапсальская улица,10,3.0,59.91132768461539,30.258705546153845
33378209,yes,Гапсальская улица,8,4.0,59.9116310375,30.2589373625
33378211,yes,Межевой канал,2,,59.91031425999999,30.25861112
33378213,yes,Межевой канал,2 литБ,,59.90986802,30.25770914
45750789,yes,Гапсальская улица,12,,59.91104658125,30.2594837375
45750790,yes,Гапсальская улица,6,2.0,59.9116408888889,30.25977243333333
45750791,yes,Гапсальская улица,4,4.0,59.912026125,30.259972641666668
50596462,yes,Гапсальская улица,2,4.0,59.91231213333333,30.259723066666663
50596464,office,Гапсальская улица,3,,59.91205012,30.2575926
50596814,yes,Unknown,,,59.91389774,30.25811528
50596815,yes,Unknown,,,59.91355447058824,30.26071537647059
50596816,office,Гапсальская улица,1,,59.912999544444446,30.259286366666668
50596817,yes,Unknown,,,59.91353767777778,30.25939834444444
50596818,yes,Unknown,,,59.91363487142856,30.258759714285716
50596822,yes,Unknown,,,59.91307202307692,30.26073236923077
50596826,yes,Unknown,,,59.914206920000005,30.260069120000004
50597485,yes,набережная реки Фонтанки,203 литДЮ,,59.9139624375,30.2658555375
56183385,roof,Unknown,,,59.91300376666667,30.257748
83175054,office,Гапсальская улица,5А,8.0,59.91128345714286,30.25721585
98888369,yes,Unknown,,1.0,59.91047668461538,30.264833030769232
100760864,yes,улица Степана Разина,9 литБ,2.0,59.91194947500001,30.26562839642857
100760866,kindergarten,улица Степана Разина,8Б/231 литА,3.0,59.90981012857143,30.265282000000003
100760870,yes,улица Степана Разина,9 литМ,,59.9109961,30.26245284
100760871,yes,улица Степана Разина,9 литЯ,1.0,59.91250565238095,30.2644492
100760873,yes,улица Степана Разина,8А литБ,,59.910798695,30.266735635
100760876,service,улица Степана Разина,9 литО,2.0,59.91136146,30.26514614
100760881,yes,улица Степана Разина,9 литЖ,,59.91165171142857,30.263498151428568
100760911,yes,улица Степана Разина,11 литБ,,59.90994951111111,30.2629833
100760917,yes,улица Степана Разина,8Б/231 литБ,2.0,59.91001151333333,30.265276986666667
100760934,yes,улица Степана Разина,9 литЕ,,59.91076035,30.26406995
100760955,yes,Unknown,,,59.91036859999999,30.26529524
100760973,industrial,улица Степана Разина,9 литД,2.0,59.91107153076924,30.265227146153848
180377181,garages,Межевой канал,2 литВ,,59.90987636,30.258542620000004
180377199,yes,Межевой канал,2 литД,,59.91025329,30.25726935
180377225,yes,Unknown,,,59.9141032,30.258174053846155
500776960,yes,Unknown,,,59.91347492,30.26320024
543802393,yes,Unknown,,,59.91021942,30.26252412
543802444,yes,Unknown,,,59.912072120000005,30.26262552
543802445,yes,Unknown,,,59.91232268,30.2628827
543802466,yes,Unknown,,,59.91051878,30.26277462
544659189,yes,Unknown,,2.0,59.91074936,30.265225986666668
544659195,service,улица Степана Разина,9 литП,,59.91180985999999,30.26531234
544659214,yes,Unknown,,,59.91301508,30.2625317
544659216,construction,Unknown,,,59.91406158571429,30.264084071428574
584217064,yes,Unknown,,,59.913672095,30.261324545
622497413,construction,Unknown,,,59.91404198,30.26450508
622497414,construction,Unknown,,,59.9140935,30.26384812
622497415,construction,Unknown,,4.0,59.91306724,30.26469338
622497416,construction,Unknown,,,59.91324928,30.26467548
623954521,yes,Unknown,,,59.91287052,30.26072868
623954522,yes,Unknown,,,59.912950380000005,30.26150874
623954523,yes,Unknown,,,59.91292222,30.26136236
623954524,yes,Unknown,,,59.91310834,30.26157918
623954525,yes,Unknown,,,59.91385214,30.26170128
623954526,yes,Unknown,,,59.91391202173913,30.261207991304342
623954527,yes,Unknown,,,59.91412,30.261561
623954535,yes,Unknown,,,59.913917000000005,30.25914452
623954536,yes,Unknown,,,59.91361768,30.2586703
623954539,yes,Unknown,,,59.91409594,30.25904488
623954540,yes,Unknown,,1.0,59.91148652,30.25942096
623954542,yes,Unknown,,,59.9116944,30.2602621
623954543,yes,Unknown,,,59.912187040000006,30.26032606
623954544,yes,Unknown,,,59.91214596,30.26062282
697479664,yes,Unknown,,1.0,59.910723700000005,30.25796006
706203444,yes,Unknown,,1.0,59.91269956666667,30.257964883333333
706204024,service,Unknown,,1.0,59.91135416,30.25929584
1488677761,yes,Unknown,,1.0,59.91032466,30.26449654
40976677,yes,проспект Римского-Корсакова,23,,59.92469087058824,30.304097617647056
62082766,yes,Садовая улица,53,6.0,59.92358557,30.30969255
65198424,yes,Гражданская улица,27,4.0,59.92714983571428,30.308713589285716
65198432,yes,Гражданская улица,25,4.0,59.92741470833334,30.3091811
66649083,yes,Гражданская улица,23,4.0,59.927449900000006,30.30956568181818
66691278,apartments,Казначейская улица,13 литБ,,59.926713325,30.31029568125
66691280,yes,Казначейская улица,4/16,4.0,59.92675966875,30.31322631875
66691281,yes,Казначейская улица,9/11,,59.92681475185185,30.31171745555556
66691284,apartments,Казначейская улица,13,,59.9264742375,30.310631925
66691298,yes,Казначейская улица,7,4.0,59.92709516744186,30.312688162790696
66691304,yes,Казначейская улица,11,,59.92673323666667,30.31114884333333
66691311,yes,Гражданская улица,24,,59.92715346,30.30996114
66703853,apartments,Казанская улица,56,4.0,59.927559707142855,30.30699927142857
66703854,apartments,Казанская улица,58,6.0,59.927392765,30.306788105
67384307,school,набережная канала Грибоедова,76,4.0,59.92604020909091,30.308875327272723
67384322,apartments,набережная канала Грибоедова,72,5.0,59.92559642,30.31150562
67384328,apartments,набережная канала Грибоедова,74,4.0,59.925858694736846,30.310465384210524
67384335,kindergarten,Вознесенский проспект,34 литБ,2.0,59.92551506,30.31042584
67384336,apartments,набережная канала Грибоедова,66,4.0,59.92536264166667,30.312867641666667
67384341,yes,набережная канала Грибоедова,72 литЛ,6.0,59.9252981375,30.3114221875
67384344,yes,Вознесенский проспект,34 литГ,3.0,59.92510099,30.30850087
67384349,yes,Вознесенский проспект,34 литВ,4.0,59.92512205,30.30952136666667
67384352,office,Вознесенский проспект,34А,4.0,59.92557465384616,30.308623038461537
67385747,apartments,Большая Подьяческая улица,6,3.0,59.9259555375,30.3057449
67385750,yes,Большая Подьяческая улица,14,,59.9249768,30.305821935714285
67385752,yes,Большая Подьяческая улица,16,3.0,59.92466206499999,30.30577066
67385754,apartments,Красноградский переулок,10,3.0,59.92617122,30.306349840000003
67385757,apartments,Большая Подьяческая улица,12,4.0,59.92518378571429,30.30592907857143
67385759,apartments,Вознесенский проспект,33,4.0,59.92490015,30.307443525
67385762,yes,набережная канала Грибоедова,80,4.0,59.926253429411766,30.306835882352942
67385764,apartments,Большая Подьяческая улица,4,3.0,59.926143966666665,30.30577447777777
67385770,apartments,Вознесенский проспект,29,4.0,59.9255477125,30.30736046875
67385772,apartments,проспект Римского-Корсакова,17,3.0,59.92465800588235,30.306166276470588
67385773,apartments,набережная канала Грибоедова,82,4.0,59.926360145,30.306117030000003
67386856,office,Большая Подьяческая улица,11,3.0,59.92538621333333,30.30503526
67386858,apartments,Большая Подьяческая улица,13,4.0,59.925200540000006,30.3052551
67386861,yes,Unknown,,,59.92519564285715,30.304794357142857
67386863,apartments,Большая Подьяческая улица,9,5.0,59.92557325625,30.305076625
67386865,yes,Средняя Подьяческая улица,12,,59.92539524285714,30.303887642857145
67386868,yes,Средняя Подьяческая улица,10,,59.925584875,30.30413151666667
67386871,apartments,Средняя Подьяческая улица,8,4.0,59.92576329230769,30.30410843076923
67386872,apartments,Большая Подьяческая улица,5,3.0,59.92595360833334,30.30494115833333
67386873,apartments,набережная канала Грибоедова,86,5.0,59.92658728,30.3047946
67386874,yes,Средняя Подьяческая улица,16 литБ,,59.9249455,30.3044659
67386875,yes,Средняя Подьяческая улица,14,,59.925196793333335,30.30400702
67522416,yes,Средняя Подьяческая улица,7,,59.92578058823529,30.303236729411765
67522419,yes,набережная канала Грибоедова,94,4.0,59.926719375,30.302994291666664
67522423,yes,Малая Подьяческая улица,4,,59.92635141111111,30.30241835
67522426,yes,Средняя Подьяческая улица,9,,59.92558955882353,30.303209741176467
67522429,yes,Средняя Подьяческая улица,3,,59.926165950000005,30.303311883333333
67522433,yes,набережная канала Грибоедова,102,,59.925279775,30.30229545
67522434,yes,Малая Подьяческая улица,6,,59.9261766375,30.3020965625
67522435,yes,Средняя Подьяческая улица,1,2.0,59.92671313333333,30.30339591666667
67522436,yes,Малая Подьяческая улица,12-14,,59.92546835,30.3023066125
67522440,yes,Малая Подьяческая улица,10,,59.92577137272727,30.30222556363636
68048323,yes,Большая Подьяческая улица,27,2.0,59.92304388333333,30.30494823333333
68048336,yes,Большая Подьяческая улица,21,,59.92389055454546,30.305068518181816
68048360,yes,Большая Подьяческая улица,19,5.0,59.924153355,30.30516626
68874996,yes,Вознесенский проспект,37/6,5.0,59.92411321538461,30.30730016153846
68874998,yes,Вознесенский проспект,41 литК,,59.9232613,30.3065641625
68874999,yes,Большая Подьяческая улица,22 литБ,4.0,59.92325407142857,30.306272457142857
68875007,yes,Большая Подьяческая улица,22,5.0,59.923295123076926,30.305812146153848
68875008,yes,Садовая улица,67,5.0,59.92200329999999,30.30389822
68875013,office,Садовая улица,65 литБ,2.0,59.92239115,30.304668816666663
68875015,school,переулок Бойцова,3,4.0,59.92219992,30.3097218
68875019,yes,Вознесенский проспект,39,3.0,59.923553016666666,30.307679875
68875024,yes,Садовая улица,61 литБ,,59.92309577142857,30.30652422857143
68880357,yes,набережная канала Грибоедова,119-121,3.0,59.923646492857145,30.30335558571429
68880360,yes,проспект Римского-Корсакова,16/2 литГ,3.0,59.92342565555556,30.302130133333332
68880361,yes,проспект Римского-Корсакова,16/2 литВ,2.0,59.92365835,30.301880566666668
68880362,yes,проспект Римского-Корсакова,16/2 литБ,3.0,59.92386666666667,30.30179935
68880365,yes,набережная канала Грибоедова,123,4.0,59.9229965625,30.303434225
68880371,yes,проспект Римского-Корсакова,16/2,2.0,59.92396151666666,30.30208088333333
68883475,apartments,набережная канала Грибоедова,95,4.0,59.92733470909091,30.30212211818182
68883479,apartments,набережная канала Грибоедова,97,4.0,59.92746721489362,30.301516106382977
68883483,yes,набережная канала Грибоедова,85/9,5.0,59.927493375,30.3053242875
69103991,yes,набережная канала Грибоедова,127,2.0,59.922368171428566,30.30180877142857
72115015,apartments,Садовая улица,58 литВ,3.0,59.92194555263158,30.30656147368421
74164952,yes,переулок Бойцова,4 литВ,6.0,59.922289535,30.311347375000004
74164953,yes,переулок Бойцова,4 литА,4.0,59.922498786666665,30.310605726666665
81351363,yes,набережная канала Грибоедова,62,4.0,59.9257001,30.3145052
116410416,yes,набережная канала Грибоедова,119-121,6.0,59.92349992272728,30.30308381590909
116410418,yes,набережная канала Грибоедова,119-121,3.0,59.923905378125,30.302713278125
116412138,yes,набережная канала Грибоедова,119-121,1.0,59.9237571,30.30237618
121015683,yes,набережная канала Грибоедова,91,4.0,59.927435838461534,30.30320947692308
121038216,service,набережная канала Грибоедова,87 литЯ,1.0,59.92740086,30.3049177
121039452,apartments,набережная канала Грибоедова,97,5.0,59.9275039368421,30.301815552631577
122857288,yes,Unknown,,1.0,59.9260889,30.3016316
124081401,service,Вознесенский проспект,38/4 литЯ,1.0,59.92366968,30.30876626
125204076,service,набережная канала Грибоедова,79/23 литБ,1.0,59.92726626666666,30.30707788333333
125210595,garage,Unknown,,,59.92739444,30.30734258
125420701,service,набережная канала Грибоедова,94 литЯ,1.0,59.92629478,30.30295516
125430618,yes,Средняя Подьяческая улица,1,,59.926401711764704,30.30339735294117
125430622,yes,Средняя Подьяческая улица,1,1.0,59.92657434,30.303497720000003
125430623,yes,Средняя Подьяческая улица,1,,59.9263799875,30.30327995
125430628,yes,Средняя Подьяческая улица,1,3.0,59.9265169,30.3032686875
137899463,yes,Unknown,,1.0,59.92738523333333,30.308851416666663
143688784,service,Вознесенский проспект,34 литЯ,1.0,59.92498838,30.30896376
143688786,yes,Вознесенский проспект,34 литЖ,1.0,59.925008166666665,30.30883156666667
171842190,yes,Unknown,,1.0,59.9273179,30.31277024285714
207289021,service,Садовая улица,54 литЯ,1.0,59.92233186,30.30878934
209558244,service,Садовая улица,50Б литЯ,,59.92342782000001,30.3110675
216853961,service,Unknown,,,59.92378498000001,30.30484336
227181586,yes,Садовая улица,50Б литА,1.0,59.92311256000001,30.31119591
242615614,yes,Садовая улица,51,5.0,59.92404284444445,30.31058902222222
243053420,yes,Большая Подьяческая улица,20,5.0,59.92362055454546,30.30579171818182
243053423,yes,Unknown,,1.0,59.92308126,30.30625184
243053425,service,Unknown,,1.0,59.9234007125,30.3063431875
243054627,service,Вознесенский проспект,37/6 литГ,1.0,59.92372571999999,30.3067035
243055996,yes,Unknown,,1.0,59.92347793333334,30.30745615
243072847,yes,проспект Римского-Корсакова,5-7 литБ,1.0,59.924988516666666,30.309725383333333
243072849,yes,набережная канала Грибоедова,74 к2 литД,3.0,59.92548311428571,30.31121157142857
243072850,apartments,набережная канала Грибоедова,72 литБ,5.0,59.92511201111111,30.31147156666667
243072851,yes,Unknown,,5.0,59.92496873571429,30.31150361428572
243828320,yes,Садовая улица,50Б литЕ,,59.92305963333334,30.31074793333333
243828322,yes,Садовая улица,50Б литД,2.0,59.92315695714286,30.3106278
243828331,yes,Садовая улица,50Б литЖ,1.0,59.92290914285714,30.310935042857142
243828333,school,Садовая улица,52,4.0,59.92293665454545,30.31045215
243910649,garages,Unknown,,,59.9250371,30.310874583333334
243910650,service,Unknown,,1.0,59.92517848,30.31043544
245048752,yes,Вознесенский проспект,33 литВ,,59.92488196000001,30.30650816
245048753,yes,Unknown,,,59.9249917,30.30632084
245048754,yes,Unknown,,,59.925184820000005,30.30633788
246159078,apartments,Большая Подьяческая улица,10 литБ,,59.92536602352941,30.306248388235296
246159081,apartments,Большая Подьяческая улица,10,,59.92535706923077,30.305862061538463
247240714,service,набережная канала Грибоедова,86 литЯ,1.0,59.92642244,30.30498506
358213792,office,Казначейская улица,13 литВ,2.0,59.92672531428571,30.31079762857143
377712171,yes,Unknown,,,59.92403372,30.31343022
571122514,yes,Гражданская улица,14,2.0,59.9275650625,30.312900925
571134045,yes,Гражданская улица,24 литБ,,59.92685625555555,30.310211044444443
656613750,yes,Садовая улица,59 литВ,,59.92278514,30.30677578
982017298,yes,набережная канала Грибоедова,95,5.0,59.92753707272728,30.30223689090909
1156761864,roof,Unknown,,0.0,59.92525316666666,30.313247383333334
1219337322,roof,Unknown,,0.0,59.92735884285714,30.30868057142857
1219337323,roof,Unknown,,,59.92736625714286,30.30860697142857
1219337324,roof,Unknown,,0.0,59.92743802857143,30.308611600000003
1223889870,yes,Садовая улица,59 литБ,,59.92303523333334,30.306882766666664
1227611985,roof,Unknown,,0.0,59.92561315,30.306119666666664
1227611986,roof,Unknown,,0.0,59.925623566666665,30.305933383333336
1227611987,roof,Unknown,,0.0,59.925567,30.30605808333333
1227611988,roof,Unknown,,0.0,59.92570346666667,30.30611975
22996758,apartments,улица Вавиловых,11 к3,5.0,60.020198275000006,30.39416675833333
22996763,apartments,улица Вавиловых,9 к1,9.0,60.01979683636364,30.392007754545453
22996796,apartments,улица Вавиловых,11 к6,9.0,60.02001096190476,30.396624245238097
22996812,apartments,улица Вавиловых,9 к4,14.0,60.01918754545454,30.39322809090909
22996820,apartments,улица Вавиловых,11 к4,5.0,60.01975438,30.39449594
22996822,apartments,улица Вавиловых,11 к5,5.0,60.01957073,30.39516148
22996826,office,Гражданский проспект,90 к8,3.0,60.01907063846154,30.395621938461534
22996837,apartments,Гражданский проспект,90 к7,5.0,60.01905726,30.396625890000003
22996838,apartments,Гражданский проспект,90 к6,5.0,60.018875660000006,30.397299120000003
22996843,apartments,Гражданский проспект,90 к5,5.0,60.018979916666666,30.39823608333333
22996854,apartments,улица Вавиловых,9 к3,14.0,60.019142290909095,30.391828572727277
22996862,apartments,улица Вавиловых,7 к2,9.0,60.01794500909091,30.3913131
22996867,apartments,улица Вавиловых,7 к3,9.0,60.01763600666666,30.393796876666663
22996872,apartments,проспект Науки,12 к6,9.0,60.01679712727273,30.3958422
22996873,apartments,Гражданский проспект,86 к2,12.0,60.01676254166667,30.397619175
22996877,apartments,Гражданский проспект,86 к1,12.0,60.016909175,30.398466966666664
22996914,school,улица Вавиловых,5 к5,4.0,60.01692561428571,30.392966964285712
22996933,apartments,улица Вавиловых,5 к3,5.0,60.017047350000006,30.390630525
22996935,apartments,улица Вавиловых,5 к4,5.0,60.01688141666667,30.391316458333336
22996974,apartments,проспект Науки,12 к8,5.0,60.01628617777778,30.393976611111118
74283756,apartments,Гражданский проспект,88 к4,9.0,60.01774841481482,30.397475474074074
74283759,apartments,улица Вавиловых,7 к4,18.0,60.01854973076923,30.392607469230768
130707592,apartments,Гражданский проспект,90 к2,9.0,60.01799858181818,30.39943870909091
130707632,yes,Unknown,,1.0,60.01643742,30.39508852
199584879,service,Unknown,,1.0,60.01734332,30.39199642
199584892,yes,Unknown,,,60.01798354,30.39400794
199584894,yes,Unknown,,,60.01930662,30.39561892
199584904,garages,Unknown,,1.0,60.01762322,30.395287080000003
199584914,garages,Unknown,,1.0,60.016789,30.3943047
199584925,service,Unknown,,1.0,60.01872432,30.39422264
199584935,service,Unknown,,1.0,60.01990791666666,30.392719616666668
199584943,roof,Unknown,,1.0,60.01874124,30.39210532
199584950,garages,Unknown,,1.0,60.01774816,30.39544796
199584960,yes,Unknown,,,60.01920094,30.39586984
199584962,garages,Unknown,,,60.01983516,30.39309138
237056821,yes,Unknown,,,60.01772235999999,30.39444656
311039840,yes,Unknown,,1.0,60.01874756,30.392355780000003
311158840,service,Unknown,,1.0,60.0199585,30.397651560000003
18504109,apartments,21-я линия В.О.,16 к2 литВ,4.0,59.93708992727273,30.260467263636368
18504135,apartments,21-я линия В.О.,16 к4 литГ,5.0,59.93624697,30.26104177
18504153,apartments,21-я линия В.О.,16 к1,5.0,59.9367632,30.261808866666662
18504162,apartments,21-я линия В.О.,16 к6,5.0,59.93587907999999,30.26039801
18504190,apartments,21-я линия В.О.,16 к5,4.0,59.93597433,30.261695350000004
18504202,dormitory,21-я линия В.О.,14 литД,5.0,59.935245740000006,30.26107112
18504214,dormitory,21-я линия В.О.,14 литГ,,59.93549754000001,30.261873
18504230,apartments,21-я линия В.О.,14 литА,5.0,59.9357648875,30.2628516875
23180817,apartments,Средний проспект В.О.,76/18,3.0,59.93754861739131,30.26042429130435
45965955,yes,19-я линия В.О.,18,,59.93589468421053,30.26600498947369
45965956,yes,Большой проспект В.О.,65,,59.9350717,30.2665454
45965957,kindergarten,20-я линия В.О.,19А,2.0,59.93588708235294,30.264305647058823
45965966,hospital,Большой проспект В.О.,77/17 литМ,6.0,59.934280782352936,30.26069015882353
45965970,polyclinic,21-я линия В.О.,12 литА,,59.93484243333333,30.26403145
45965980,yes,19-я линия В.О.,16,,59.93541087857143,30.266804178571427
45965981,yes,19-я линия В.О.,16,,59.9355592,30.265435071428573
45965982,yes,19-я линия В.О.,16 к2 литВ,3.0,59.9352163375,30.2656529125
45965990,yes,Средний проспект В.О.,74,,59.938018250000006,30.262550160714284
45965993,yes,19-я линия В.О.,22,4.0,59.9369277,30.26490374
45965994,yes,19-я линия В.О.,20,2.0,59.936396442857145,30.265710028571423
45965995,apartments,19-я линия В.О.,22 к2,7.0,59.93649850833333,30.26479335
45965996,yes,Средний проспект В.О.,74 литЗ,,59.93679339999999,30.26382493846154
45965997,yes,Средний проспект В.О.,74 литД,,59.93653424,30.2638369
45965998,yes,Средний проспект В.О.,74 литВ,,59.936929871428575,30.26286359047619
45965999,yes,Средний проспект В.О.,74 литО,,59.93715056,30.26356654
45966000,yes,Средний проспект В.О.,74 литБ,,59.93758261111111,30.26389975277777
45966001,yes,Unknown,,,59.93742032,30.26352286
112014751,yes,16-я линия В.О.,29,,59.938139523809525,30.268323495238096
112014763,yes,16-я линия В.О.,31,,59.93848077692307,30.26790541153846
114538164,yes,Средний проспект В.О.,74 литЖ,,59.93668138,30.26366038
114538166,apartments,17-я линия В.О.,18,5.0,59.93700020555556,30.265969111111115
114538175,office,17-я линия В.О.,22 литБ,5.0,59.9381793,30.26694852142857
114538176,apartments,17-я линия В.О.,18,5.0,59.93696754705883,30.26821693529412
114538181,apartments,17-я линия В.О.,18 к3,6.0,59.93707945,30.26657037
114538182,chapel,Большой проспект В.О.,67,1.0,59.934825415384616,30.26750253076923
114538187,yes,17-я линия В.О.,28 литЗ,,59.93855378000001,30.2653395
114538190,dormitory,18-я линия В.О.,31,4.0,59.93823732857143,30.264455785714286
114538192,yes,18-я линия В.О.,29,,59.93757502857142,30.266305914285716
114538194,yes,18-я линия В.О.,25,6.0,59.93662453684211,30.266920810526315
114538197,yes,18-я линия В.О.,23 литБ,2.0,59.936517494117645,30.268164111764705
114538199,service,18-я линия В.О.,29 литТ,,59.93808262857143,30.266225257142857
114538200,yes,Большой проспект В.О.,63/17,4.0,59.93553897272727,30.268289445454545
114538202,yes,18-я линия В.О.,29 литЗ,6.0,59.937816757142855,30.265138061904764
114538203,yes,Средний проспект В.О.,74 литУ,,59.93633402,30.263577500000004
114538206,yes,Большой проспект В.О.,63/17 литТ,1.0,59.9355909,30.267664466666663
114538212,apartments,17-я линия В.О.,18 литВ,5.0,59.93731483636363,30.26709573636364
114538216,yes,18-я линия В.О.,29 литЖ,,59.9384312,30.26504313125
114538218,yes,17-я линия В.О.,20 литБ,3.0,59.937700225,30.267123075
205256664,office,18-я линия В.О.,29 литИ,10.0,59.93808100645161,30.265889161290325
241472340,yes,21-я линия В.О.,14 литБ,,59.93540495999999,30.263534980000003
241472341,garage,21-я линия В.О.,14 литВ,,59.93531084,30.2622946
241472342,yes,21-я линия В.О.,14 литЗ,,59.9354202,30.262548400000004
241472343,service,21-я линия В.О.,14 литТ,,59.93513122,30.26180446
385337687,roof,Unknown,,,59.93633436,30.26519506
666460228,garage,Unknown,,,59.93560178,30.261563740000003
684821362,yes,Unknown,,1.0,59.93659415,30.26770925
684821366,garage,Unknown,,1.0,59.93670446,30.26748952
684821370,yes,Unknown,,1.0,59.93638022857142,30.268140157142856
684821372,garage,Unknown,,1.0,59.936757320000005,30.26742784
684821388,garage,Unknown,,1.0,59.93679926,30.26737946
684821403,service,Unknown,,1.0,59.9369249,30.26743654
686157983,yes,17-я линия В.О.,20,4.0,59.93758744615385,30.26762713076923
686157998,yes,17-я линия В.О.,20,,59.93744146363636,30.26748392727273
686462947,yes,Unknown,,1.0,59.93501916,30.2657258
693950733,yes,Unknown,,1.0,59.93591146,30.26489226
693950740,garages,Unknown,,1.0,59.93596606,30.264754
866481212,yes,Unknown,,,59.93504146,30.26394866
867866516,yes,Unknown,,,59.93465856,30.26300616
867866520,service,Unknown,,1.0,59.93557142,30.26118216
867866522,yes,Unknown,,,59.9357947,30.26227116
867866524,service,Unknown,,,59.93698044,30.26419938
1175388356,garage,Unknown,,1.0,59.93549716,30.260945600000003
1316744955,service,Unknown,,,59.93814426,30.26642296
1412535348,apartments,Большой проспект В.О.,67к2,9.0,59.9348554,30.26511547142857
22950402,kindergarten,улица Брянцева,2 к3,2.0,60.03484676153846,30.39946733076923
22950407,apartments,Учительская улица,12 к2,5.0,60.03410046363637,30.399008018181817
22950412,apartments,Светлановский проспект,99 к2,5.0,60.03475543636364,30.398134245454543
22950416,apartments,улица Брянцева,2 к2,5.0,60.03436832727272,30.400424890909093
22950421,apartments,улица Брянцева,8,5.0,60.03549020625,30.39995991875
22950424,apartments,улица Брянцева,4,12.0,60.03490618333333,30.40150795
22950425,apartments,улица Брянцева,6,12.0,60.03495898333333,30.402258166666662
22950433,apartments,улица Брянцева,2 к1,9.0,60.03387360476191,30.401574866666664
22950450,school,улица Брянцева,10,4.0,60.036085846153846,30.40139676923077
22950452,apartments,Светлановский проспект,101,9.0,60.03660015714286,30.39895557142857
22950472,apartments,улица Брянцева,12,9.0,60.035935125,30.403167575
76037479,garages,улица Брянцева,3,,60.0338481625,30.40396935
79631372,garages,Unknown,,,60.0334507,30.40248846
300857219,service,улица Брянцева,7 к3,1.0,60.0348432,30.40367138
1065885526,yes,Unknown,,,60.03492464,30.40075196
1065885559,garage,Unknown,,,60.03562858,30.39814202
1065885560,yes,Unknown,,,60.03560553999999,30.39847892
1215576653,garages,Unknown,,,60.03373581428571,30.403242214285715
